id,first_name,last_name,email,gender,ip_address
1,Sawyer,Aldwinckle,saldwinckle0@paginegialle.it,Male,220.22.215.185
2,Cookie,Cheshir,ccheshir1@addthis.com,Female,23.50.129.233
3,Marianne,Reyes,mreyes2@flavors.me,Female,3.80.152.164
4,Iris,Briztman,ibriztman3@behance.net,Female,55.81.12.150
5,Jonas,Boston,jboston4@sitemeter.com,Male,200.233.242.117
6,Jermayne,Partlett,jpartlett5@behance.net,Male,197.243.232.197
7,Dede,Garaghan,dgaraghan6@amazon.co.uk,Female,155.106.234.9
8,La verne,Mackneis,lmackneis7@dot.gov,Polygender,224.18.202.163
9,Merrili,Roget,mroget8@hibu.com,Female,67.186.207.187
10,Viki,Flooks,vflooks9@naver.com,Female,164.65.150.113
11,Daryl,Plascott,dplascotta@usatoday.com,Male,8.223.29.115
12,Fabe,Sinnocke,fsinnockeb@hp.com,Male,145.104.114.23
13,Jaclin,Dencs,jdencsc@histats.com,Female,7.119.174.222
14,Chrisse,Cleworth,ccleworthd@ucoz.com,Male,104.114.189.243
15,Tess,Cregeen,tcregeene@yahoo.com,Female,161.146.16.29
16,Red,Pawels,rpawelsf@theglobeandmail.com,Male,119.14.111.237
17,Flinn,Palley,fpalleyg@house.gov,Male,79.122.152.252
18,Suzie,Savins,ssavinsh@wsj.com,Female,64.107.133.17
19,Michail,McIlvaney,mmcilvaneyi@yahoo.com,Male,228.114.164.26
20,Carolann,Paxton,cpaxtonj@hexun.com,Polygender,88.250.154.254
21,Bert,McErlaine,bmcerlainek@unicef.org,Male,170.77.145.85
22,Claire,Civitillo,ccivitillol@4shared.com,Male,22.200.46.54
23,Barbaraanne,Grasha,bgrasham@alibaba.com,Female,28.55.97.191
24,Vasili,Crennell,vcrennelln@cnet.com,Male,67.89.131.68
25,Cherise,Sterricks,csterrickso@eventbrite.com,Polygender,119.238.75.229
26,Gunner,Ormonde,gormondep@epa.gov,Male,140.75.85.152
27,Linda,Widdocks,lwiddocksq@lulu.com,Polygender,115.123.112.181
28,Binky,Christophers,bchristophersr@discuz.net,Male,68.45.34.187
29,Akim,Wilmut,awilmuts@vimeo.com,Male,106.10.34.63
30,North,Blumire,nblumiret@dyndns.org,Male,94.155.236.242
31,Moshe,Perdue,mperdueu@drupal.org,Male,65.70.187.102
32,Gaspard,Tyce,gtycev@plala.or.jp,Male,18.28.190.4
33,Britt,Heyns,bheynsw@businessinsider.com,Female,22.25.175.101
34,Cristina,Bertwistle,cbertwistlex@yolasite.com,Female,127.68.112.100
35,Bruis,Ree,breey@sohu.com,Male,133.31.130.182
36,Alastair,Tweedle,atweedlez@mozilla.org,Male,91.138.120.64
37,Lewie,Van der Hoven,lvanderhoven10@etsy.com,Male,132.90.0.178
38,Irvine,Gianni,igianni11@goo.gl,Male,242.124.112.255
39,Farley,Aucott,faucott12@mapquest.com,Male,3.188.128.48
40,Baxy,Long,blong13@fema.gov,Male,182.199.82.4
41,Penny,McCartan,pmccartan14@sina.com.cn,Male,43.77.87.29
42,Donal,Bedham,dbedham15@about.me,Male,112.247.77.7
43,Leda,Vallis,lvallis16@1und1.de,Female,87.212.153.234
44,Bart,Kendred,bkendred17@ted.com,Male,148.250.66.202
45,Violante,Garmons,vgarmons18@columbia.edu,Female,30.127.66.245
46,Dev,Beneyto,dbeneyto19@intel.com,Male,84.37.81.61
47,Rob,Brend,rbrend1a@angelfire.com,Male,1.168.152.83
48,Orsola,Pargent,opargent1b@fema.gov,Female,125.142.86.65
49,Tris,Domenici,tdomenici1c@huffingtonpost.com,Male,200.68.50.39
50,Peadar,Schimon,pschimon1d@gnu.org,Male,156.225.62.191
51,Guthry,Gilvear,ggilvear1e@rakuten.co.jp,Male,114.159.29.1
52,Toby,Florio,tflorio1f@wsj.com,Female,20.69.244.107
53,Chandal,Gabey,cgabey1g@soup.io,Non-binary,105.248.33.43
54,Wallie,Ancell,wancell1h@utexas.edu,Male,52.250.116.19
55,Fidole,Ioselevich,fioselevich1i@bbc.co.uk,Male,117.143.214.176
56,Cinderella,Glasgow,cglasgow1j@ning.com,Female,96.61.182.118
57,Ella,Cortese,ecortese1k@dagondesign.com,Female,47.67.175.32
58,Bartholemy,Maxwell,bmaxwell1l@walmart.com,Genderqueer,157.29.210.148
59,Colleen,Dragoe,cdragoe1m@blogspot.com,Female,63.92.23.16
60,Stanford,Devereux,sdevereux1n@gravatar.com,Male,173.85.214.99
61,Yancey,Netherclift,ynetherclift1o@telegraph.co.uk,Male,142.225.123.75
62,Caritta,Boles,cboles1p@alexa.com,Female,137.173.196.39
63,Madeline,Sappson,msappson1q@europa.eu,Female,45.125.189.201
64,Jozef,Scutter,jscutter1r@reverbnation.com,Male,26.8.131.42
65,Mufinella,Blumer,mblumer1s@posterous.com,Agender,26.79.143.155
66,Ronnie,Artharg,rartharg1t@google.fr,Female,28.202.99.54
67,Clyde,Hannant,channant1u@posterous.com,Male,55.177.183.184
68,Annnora,Scarffe,ascarffe1v@cornell.edu,Female,212.151.92.107
69,Wyn,Limeburner,wlimeburner1w@youtube.com,Male,236.108.7.13
70,Garwood,Sponton,gsponton1x@comsenz.com,Male,40.35.112.99
71,Ken,Cottingham,kcottingham1y@princeton.edu,Male,59.72.136.200
72,Umberto,Brickell,ubrickell1z@sciencedaily.com,Male,84.2.88.242
73,Channa,Dumblton,cdumblton20@privacy.gov.au,Female,8.30.66.218
74,Ely,Dodswell,edodswell21@blogs.com,Agender,87.241.38.231
75,Bill,Robak,brobak22@cnbc.com,Male,111.3.10.63
76,Gretna,Whellams,gwhellams23@tumblr.com,Female,197.154.66.50
77,Luciana,Sylett,lsylett24@pbs.org,Female,246.74.3.19
78,Benedetto,Pennicott,bpennicott25@gov.uk,Male,238.254.20.69
79,Brade,Tregust,btregust26@jimdo.com,Male,245.86.225.55
80,Byran,Chataignier,bchataignier27@blogs.com,Male,93.62.141.129
81,Price,Walling,pwalling28@multiply.com,Male,182.40.2.6
82,Ali,Koppen,akoppen29@ocn.ne.jp,Female,17.222.185.201
83,Menard,Jacquet,mjacquet2a@e-recht24.de,Male,87.133.32.37
84,Vannie,Leslie,vleslie2b@myspace.com,Female,99.251.158.26
85,Pierce,Stansby,pstansby2c@google.ca,Male,157.112.86.34
86,Collete,Nise,cnise2d@reddit.com,Female,102.141.121.68
87,Averil,Furber,afurber2e@pagesperso-orange.fr,Male,137.89.232.244
88,Cam,Cornier,ccornier2f@spiegel.de,Female,39.4.205.225
89,Chucho,Di Carli,cdicarli2g@economist.com,Male,234.106.53.235
90,Avery,Pesek,apesek2h@typepad.com,Male,238.185.122.7
91,Alexis,Chadwick,achadwick2i@techcrunch.com,Male,144.163.243.128
92,Filippo,Mereweather,fmereweather2j@who.int,Male,198.255.246.32
93,Owen,Pilfold,opilfold2k@unicef.org,Male,235.174.38.221
94,Karon,Beilby,kbeilby2l@imgur.com,Female,45.54.157.129
95,Agneta,Kaasmann,akaasmann2m@house.gov,Female,240.153.101.22
96,Zorine,Felgate,zfelgate2n@google.com.hk,Female,45.86.71.70
97,Lory,Heel,lheel2o@yolasite.com,Female,163.213.233.103
98,Ernesta,Dunnion,edunnion2p@whitehouse.gov,Female,115.95.11.220
99,Ashton,Bohlin,abohlin2q@arstechnica.com,Male,172.8.226.15
100,Sybil,Pawden,spawden2r@hugedomains.com,Female,223.74.15.109
101,Kelcie,Byrch,kbyrch2s@instagram.com,Female,161.56.143.252
102,Alphonse,Banker,abanker2t@flavors.me,Male,85.134.23.67
103,Jeremiah,Marqyes,jmarqyes2u@biglobe.ne.jp,Male,101.121.237.86
104,Dionisio,Boulton,dboulton2v@simplemachines.org,Male,18.120.169.69
105,Trip,Tschirschky,ttschirschky2w@indiegogo.com,Male,15.36.242.255
106,Murry,Whistance,mwhistance2x@washington.edu,Male,152.70.158.214
107,Elwyn,Dullingham,edullingham2y@weebly.com,Male,196.128.254.144
108,Juliana,Girke,jgirke2z@ihg.com,Female,209.241.253.51
109,Torrin,Darleston,tdarleston30@dot.gov,Genderfluid,98.148.60.114
110,Elke,Basden,ebasden31@wikipedia.org,Female,84.122.189.15
111,Clemente,Smead,csmead32@jugem.jp,Male,245.66.201.236
112,Adelind,Valentim,avalentim33@exblog.jp,Female,70.92.195.155
113,Brennan,Redwin,bredwin34@about.me,Male,251.15.205.107
114,Kean,Webland,kwebland35@xing.com,Male,101.133.189.207
115,Valene,Robers,vrobers36@umich.edu,Female,244.238.174.84
116,Chastity,Ickovitz,cickovitz37@comcast.net,Female,102.147.54.151
117,Adriane,Willshire,awillshire38@networkadvertising.org,Female,177.241.11.123
118,Burk,Heintze,bheintze39@marketwatch.com,Male,75.119.78.67
119,Theodore,Bruyntjes,tbruyntjes3a@harvard.edu,Male,60.60.151.32
120,Claus,Skurm,cskurm3b@nationalgeographic.com,Male,191.83.83.130
121,Amara,Hayen,ahayen3c@wordpress.org,Female,230.70.116.230
122,Toddy,Ludovico,tludovico3d@discuz.net,Male,78.130.197.20
123,Kerianne,Speed,kspeed3e@aol.com,Female,173.170.29.92
124,Cecil,Wellman,cwellman3f@gravatar.com,Female,146.220.175.52
125,Neel,Downing,ndowning3g@nbcnews.com,Male,88.169.176.185
126,Omero,Gaspard,ogaspard3h@phoca.cz,Male,44.188.170.207
127,Vanda,Foxhall,vfoxhall3i@theatlantic.com,Female,56.91.86.42
128,Otho,MacCauley,omaccauley3j@irs.gov,Male,35.148.206.213
129,Riane,Giannazzo,rgiannazzo3k@un.org,Female,115.43.51.24
130,Filia,Giorgietto,fgiorgietto3l@delicious.com,Female,208.171.30.214
131,Marget,Crawford,mcrawford3m@patch.com,Female,147.216.21.168
132,Donetta,Rains,drains3n@wikispaces.com,Female,93.88.216.97
133,Salvador,Spaven,sspaven3o@behance.net,Male,118.80.24.12
134,Enid,Hattam,ehattam3p@privacy.gov.au,Female,164.30.224.157
135,Emory,Twiggins,etwiggins3q@tuttocitta.it,Male,205.101.125.218
136,Meier,Benardette,mbenardette3r@google.de,Male,9.79.206.74
137,Kale,Relph,krelph3s@ovh.net,Agender,15.220.221.9
138,Kendrick,Rosten,krosten3t@tripod.com,Male,175.11.252.91
139,Filberte,Gleave,fgleave3u@cbslocal.com,Male,1.185.80.91
140,Prudence,Bater,pbater3v@vimeo.com,Agender,142.179.41.68
141,Georgia,McCourtie,gmccourtie3w@deliciousdays.com,Female,116.242.87.255
142,Lotty,Mannock,lmannock3x@admin.ch,Female,174.51.170.97
143,Boris,Asey,basey3y@microsoft.com,Male,60.210.123.26
144,Demetris,Hansel,dhansel3z@dailymotion.com,Male,127.34.224.225
145,Bartholemy,Abramski,babramski40@miitbeian.gov.cn,Male,104.224.57.238
146,Jone,Linham,jlinham41@taobao.com,Male,71.17.80.214
147,Charlena,Nock,cnock42@skyrock.com,Female,236.18.226.200
148,Curr,Gardener,cgardener43@sogou.com,Male,192.211.106.193
149,Kippie,Delhay,kdelhay44@gravatar.com,Female,33.7.54.125
150,Olimpia,Bartoshevich,obartoshevich45@mapy.cz,Female,79.16.235.24
151,Earl,Mazzeo,emazzeo46@canalblog.com,Male,211.88.57.38
152,Nevins,Pavese,npavese47@arstechnica.com,Male,32.224.212.163
153,Louella,Errol,lerrol48@tripod.com,Female,244.149.10.21
154,Theodora,Delleschi,tdelleschi49@prlog.org,Female,23.140.200.168
155,Geordie,Quernel,gquernel4a@admin.ch,Male,131.92.214.198
156,Olympie,Jablonski,ojablonski4b@mac.com,Female,202.102.246.168
157,Neile,Deinert,ndeinert4c@timesonline.co.uk,Female,49.236.18.37
158,Crystie,O'Kuddyhy,cokuddyhy4d@mapy.cz,Female,207.185.175.141
159,Miller,Sparwell,msparwell4e@huffingtonpost.com,Male,67.23.137.77
160,Rosabel,McCartney,rmccartney4f@epa.gov,Female,58.71.160.100
161,Cleopatra,Schirach,cschirach4g@lulu.com,Female,96.210.111.19
162,Raynor,Lochrie,rlochrie4h@dailymotion.com,Male,105.34.234.31
163,Kikelia,Beddingham,kbeddingham4i@ustream.tv,Female,161.51.85.49
164,Edin,MacShirie,emacshirie4j@wsj.com,Female,4.16.1.134
165,Freda,Gagg,fgagg4k@miitbeian.gov.cn,Female,28.98.106.145
166,Cale,Lillico,clillico4l@ucoz.ru,Male,96.25.145.7
167,Alon,Walch,awalch4m@berkeley.edu,Male,232.46.96.190
168,Ladonna,McNelly,lmcnelly4n@wikispaces.com,Female,246.185.202.156
169,Dennison,Mico,dmico4o@youku.com,Male,147.83.123.143
170,Rowan,Verlander,rverlander4p@diigo.com,Male,148.11.1.222
171,Delora,Franzke,dfranzke4q@imdb.com,Female,146.51.132.91
172,Arabel,Brumpton,abrumpton4r@dell.com,Female,251.50.25.109
173,Sidney,Fosken,sfosken4s@youtube.com,Male,37.77.38.97
174,Guillema,Corss,gcorss4t@pagesperso-orange.fr,Female,140.10.135.218
175,Danice,Allworthy,dallworthy4u@networkadvertising.org,Female,65.169.112.103
176,Rab,Lay,rlay4v@sohu.com,Male,253.169.57.140
177,Bendite,Jurek,bjurek4w@google.ru,Female,114.55.165.26
178,Niki,Mariel,nmariel4x@fotki.com,Female,4.233.133.222
179,Linea,Pagan,lpagan4y@bigcartel.com,Female,10.223.164.185
180,Cristen,Arrigucci,carrigucci4z@cnet.com,Female,79.161.165.29
181,Drona,Coppin,dcoppin50@sbwire.com,Female,32.60.234.23
182,Matias,Northwood,mnorthwood51@stanford.edu,Male,51.197.178.79
183,Shandeigh,Upson,supson52@t.co,Female,249.2.156.224
184,Raffarty,Talloe,rtalloe53@reverbnation.com,Male,112.228.119.156
185,Dasha,Criple,dcriple54@intel.com,Female,42.222.69.174
186,Marian,Dalzell,mdalzell55@miibeian.gov.cn,Female,179.68.189.200
187,Emilee,Hellmer,ehellmer56@skype.com,Female,142.202.62.98
188,Marietta,Davydochkin,mdavydochkin57@woothemes.com,Male,248.113.204.149
189,Sauncho,Spittal,sspittal58@hostgator.com,Male,138.5.127.83
190,Way,Lube,wlube59@wunderground.com,Male,120.118.69.75
191,Danya,Sam,dsam5a@nature.com,Bigender,10.13.135.217
192,Joy,Oblein,joblein5b@uol.com.br,Female,77.98.50.122
193,Ailene,Klimashevich,aklimashevich5c@skyrock.com,Polygender,5.194.140.254
194,Harman,Ashwell,hashwell5d@army.mil,Male,242.90.147.168
195,Amye,Greenhalf,agreenhalf5e@list-manage.com,Female,170.252.119.222
196,Frederich,Safell,fsafell5f@amazon.de,Male,0.240.156.236
197,Anson,Lunbech,alunbech5g@networkadvertising.org,Male,96.198.252.166
198,Michaella,Burel,mburel5h@twitpic.com,Female,185.123.62.200
199,Wynne,Maior,wmaior5i@bing.com,Female,21.233.193.103
200,Jessee,Leverentz,jleverentz5j@google.ca,Male,25.122.207.158
201,Scotti,Loudiane,sloudiane5k@auda.org.au,Male,38.24.21.7
202,Bastien,Figgures,bfiggures5l@slate.com,Male,181.2.108.85
203,Emyle,Ogan,eogan5m@icio.us,Female,250.93.22.219
204,Sara-ann,Peperell,speperell5n@baidu.com,Female,8.115.151.139
205,Mirna,Antoni,mantoni5o@tumblr.com,Female,171.118.84.1
206,Waite,Bamlet,wbamlet5p@bloglovin.com,Male,13.214.134.251
207,Marie-ann,Gossage,mgossage5q@hostgator.com,Genderqueer,191.235.131.225
208,Alix,Hulks,ahulks5r@barnesandnoble.com,Male,99.204.186.105
209,Roberta,Orto,rorto5s@merriam-webster.com,Female,246.174.124.29
210,Rudolf,Wass,rwass5t@purevolume.com,Agender,46.62.134.191
211,Cati,Paulat,cpaulat5u@biglobe.ne.jp,Female,68.138.219.101
212,Seward,Morritt,smorritt5v@xing.com,Male,44.227.142.170
213,Leland,Arnfield,larnfield5w@answers.com,Male,240.49.99.33
214,Sargent,Bunting,sbunting5x@51.la,Male,76.57.48.115
215,Hildy,Piatek,hpiatek5y@reddit.com,Non-binary,224.109.235.201
216,Shoshanna,Boribal,sboribal5z@smugmug.com,Female,220.52.0.1
217,Anne-marie,Plail,aplail60@cdbaby.com,Female,58.231.40.84
218,Stevy,Rumming,srumming61@patch.com,Male,221.254.127.254
219,Chet,Habbergham,chabbergham62@sciencedirect.com,Male,62.154.231.96
220,Melanie,Warr,mwarr63@jimdo.com,Female,131.32.42.169
221,Natty,Krolak,nkrolak64@hud.gov,Male,32.38.76.214
222,Thomas,Umpleby,tumpleby65@alexa.com,Male,28.83.171.132
223,Ignazio,Staunton,istaunton66@surveymonkey.com,Male,138.103.48.176
224,Arabella,Limming,alimming67@wikipedia.org,Female,79.31.255.138
225,Guss,Ascough,gascough68@slideshare.net,Male,235.22.73.10
226,Noami,Jeanin,njeanin69@twitpic.com,Female,38.39.135.116
227,Gisella,Lyness,glyness6a@craigslist.org,Female,235.76.247.91
228,Yuma,Hathwood,yhathwood6b@angelfire.com,Male,56.200.18.151
229,Felike,McRavey,fmcravey6c@noaa.gov,Male,29.241.78.39
230,Cristen,Rawlence,crawlence6d@zdnet.com,Non-binary,45.78.112.144
231,Jenny,Larive,jlarive6e@wp.com,Female,149.237.253.61
232,Kathryn,Peachment,kpeachment6f@blogs.com,Female,148.72.152.41
233,Faun,Petrussi,fpetrussi6g@dropbox.com,Female,193.212.6.246
234,Sarina,Spracklin,sspracklin6h@blogger.com,Female,80.86.246.117
235,Eirena,Cromack,ecromack6i@seesaa.net,Female,186.154.66.67
236,Sherwood,Runnicles,srunnicles6j@sourceforge.net,Male,108.86.221.148
237,Correy,Charteris,ccharteris6k@wp.com,Male,25.90.24.35
238,Adelice,Macallam,amacallam6l@theglobeandmail.com,Female,18.107.82.14
239,Chauncey,Parysiak,cparysiak6m@ftc.gov,Male,252.10.226.45
240,Cherlyn,McKelvey,cmckelvey6n@abc.net.au,Non-binary,203.70.146.230
241,Annnora,Ozintsev,aozintsev6o@yolasite.com,Female,174.194.192.82
242,Louis,Poulney,lpoulney6p@plala.or.jp,Male,194.179.245.217
243,Zilvia,Hancell,zhancell6q@go.com,Female,36.86.122.227
244,Jorry,Beslier,jbeslier6r@ucoz.ru,Bigender,69.102.225.255
245,Cordie,Bursnoll,cbursnoll6s@exblog.jp,Male,158.139.86.223
246,Wilfrid,Redsall,wredsall6t@newyorker.com,Male,153.135.136.105
247,Guendolen,Jewkes,gjewkes6u@amazon.co.uk,Female,30.104.227.92
248,Nani,Hayne,nhayne6v@rakuten.co.jp,Female,147.231.69.61
249,Imojean,Crabtree,icrabtree6w@storify.com,Female,80.193.37.208
250,Josi,Fuidge,jfuidge6x@friendfeed.com,Female,6.164.242.35
251,Mariska,Leahair,mleahair6y@dailymotion.com,Bigender,219.15.81.180
252,Geoffrey,Hare,ghare6z@latimes.com,Male,125.170.135.243
253,Keene,Millican,kmillican70@time.com,Male,85.58.144.174
254,Gelya,Leathard,gleathard71@weebly.com,Female,216.97.190.239
255,Jdavie,Craigie,jcraigie72@mac.com,Male,213.202.237.94
256,Nial,Wormleighton,nwormleighton73@elegantthemes.com,Male,244.203.21.102
257,Caro,McMullen,cmcmullen74@1688.com,Female,145.178.212.24
258,Vallie,Ruby,vruby75@163.com,Female,165.181.202.235
259,Francisca,Josskowitz,fjosskowitz76@salon.com,Genderfluid,142.180.154.42
260,Dominic,Maile,dmaile77@squarespace.com,Male,88.187.27.122
261,Phelia,Rouby,prouby78@ask.com,Female,181.116.57.36
262,Jarret,Pepye,jpepye79@va.gov,Male,163.197.14.207
263,Ignace,Vassall,ivassall7a@macromedia.com,Male,174.75.223.144
264,Robbie,Frammingham,rframmingham7b@slideshare.net,Male,83.198.254.81
265,Brett,Beetham,bbeetham7c@youku.com,Female,177.2.115.224
266,Gene,Sewill,gsewill7d@buzzfeed.com,Female,98.158.98.12
267,Nydia,Mellows,nmellows7e@shop-pro.jp,Female,53.100.205.98
268,Benjie,Willgrass,bwillgrass7f@economist.com,Male,251.170.241.147
269,Bradan,Trulock,btrulock7g@opensource.org,Male,17.166.100.152
270,Gage,McGrirl,gmcgrirl7h@usa.gov,Male,88.173.181.61
271,Rasla,Elgy,relgy7i@mysql.com,Female,249.26.160.211
272,Caesar,Bea,cbea7j@histats.com,Genderfluid,130.125.165.138
273,Matthus,Neve,mneve7k@ibm.com,Male,51.191.50.35
274,Philbert,Wardley,pwardley7l@apache.org,Male,201.88.25.103
275,Hilde,Labden,hlabden7m@purevolume.com,Female,156.179.58.3
276,Cheston,Brewins,cbrewins7n@xrea.com,Male,114.66.123.246
277,Filide,Gleder,fgleder7o@vistaprint.com,Female,215.128.4.55
278,Ahmad,Waterhowse,awaterhowse7p@naver.com,Male,15.38.247.215
279,Carolina,Autrie,cautrie7q@npr.org,Female,129.184.255.197
280,Rachel,Skullet,rskullet7r@telegraph.co.uk,Female,40.180.234.127
281,Melania,Rodenburgh,mrodenburgh7s@arstechnica.com,Female,212.140.170.3
282,Rivkah,Stringfellow,rstringfellow7t@tiny.cc,Female,211.173.199.5
283,Gaynor,Dufaire,gdufaire7u@tuttocitta.it,Genderqueer,4.18.103.188
284,Abra,Siege,asiege7v@shareasale.com,Female,94.235.85.20
285,Claudette,Patsall,cpatsall7w@jalbum.net,Female,159.16.156.225
286,Darnall,Anstice,danstice7x@amazon.de,Male,33.107.193.225
287,Zebulon,Tine,ztine7y@mit.edu,Male,161.48.157.15
288,Mordy,Mateos,mmateos7z@illinois.edu,Male,210.38.243.56
289,Sonnnie,Bentke,sbentke80@google.cn,Female,143.138.173.5
290,Tallie,Callington,tcallington81@csmonitor.com,Female,121.161.75.94
291,Josias,Birkwood,jbirkwood82@amazonaws.com,Male,223.37.119.184
292,Vassily,Aitchinson,vaitchinson83@cbslocal.com,Polygender,132.61.106.101
293,Tabbatha,Dechelette,tdechelette84@ocn.ne.jp,Female,23.57.152.201
294,Kimbell,Blaymires,kblaymires85@mapy.cz,Male,197.165.91.108
295,Delilah,Gawthrope,dgawthrope86@histats.com,Female,159.130.254.91
296,Yvette,Stockell,ystockell87@tripadvisor.com,Female,20.239.108.89
297,Darryl,Fancutt,dfancutt88@netlog.com,Female,75.158.38.173
298,Karole,Jamary,kjamary89@eepurl.com,Female,21.72.23.167
299,Donica,Cosbee,dcosbee8a@npr.org,Female,206.220.167.43
300,Pascale,Marriott,pmarriott8b@arizona.edu,Male,252.67.250.176
301,Alvis,Bingell,abingell8c@about.me,Male,106.149.190.193
302,Sharai,Pawlett,spawlett8d@intel.com,Female,150.90.124.187
303,Mario,Weavill,mweavill8e@booking.com,Male,213.136.137.132
304,Vin,Braga,vbraga8f@vk.com,Male,222.220.103.63
305,Sibelle,Ager,sager8g@clickbank.net,Female,179.104.171.203
306,Damian,McPhate,dmcphate8h@prweb.com,Male,231.171.226.64
307,Dolph,Fosdick,dfosdick8i@furl.net,Male,233.107.30.146
308,Ardelia,Jurries,ajurries8j@auda.org.au,Female,189.1.10.157
309,Ottilie,Drioli,odrioli8k@china.com.cn,Female,91.245.17.156
310,Aggy,Clubley,aclubley8l@mashable.com,Female,38.117.119.162
311,Biddy,Bysshe,bbysshe8m@macromedia.com,Bigender,210.16.157.58
312,Burt,Longmate,blongmate8n@dyndns.org,Male,155.23.162.132
313,Rurik,Braden,rbraden8o@networkadvertising.org,Male,162.186.191.63
314,Cathrine,Martinelli,cmartinelli8p@nih.gov,Genderqueer,255.250.79.206
315,Devinne,Orton,dorton8q@bloglines.com,Female,137.106.22.145
316,Gustav,Costello,gcostello8r@reverbnation.com,Male,121.159.199.136
317,Cesaro,Holme,cholme8s@globo.com,Male,73.197.219.75
318,Pippa,Renzini,prenzini8t@foxnews.com,Polygender,23.66.196.101
319,Archer,Spileman,aspileman8u@alexa.com,Male,248.239.188.0
320,Joy,McGibbon,jmcgibbon8v@cisco.com,Female,162.141.254.244
321,Alvie,West-Frimley,awestfrimley8w@sitemeter.com,Male,120.126.192.36
322,Arin,Grinston,agrinston8x@un.org,Male,200.42.162.10
323,Shawnee,Wolters,swolters8y@tripadvisor.com,Female,143.39.29.15
324,Sherwood,Roblou,sroblou8z@mashable.com,Male,168.222.221.171
325,Mano,Kindall,mkindall90@topsy.com,Male,222.82.151.42
326,Stan,Calverley,scalverley91@lycos.com,Male,137.45.30.31
327,Arvin,Pinchin,apinchin92@apache.org,Male,212.50.240.75
328,Shep,Jager,sjager93@rakuten.co.jp,Male,213.181.217.177
329,Goldarina,Whiffen,gwhiffen94@amazon.com,Female,250.86.235.60
330,Cole,Challin,cchallin95@tamu.edu,Male,70.255.142.119
331,Jeffie,Beccera,jbeccera96@washingtonpost.com,Male,203.100.64.11
332,Regan,Othen,rothen97@gmpg.org,Male,112.168.219.28
333,Fabe,Hearsum,fhearsum98@yellowpages.com,Male,87.189.99.135
334,Tait,Escott,tescott99@census.gov,Male,220.51.208.77
335,Augustine,Rosling,arosling9a@odnoklassniki.ru,Female,223.9.227.75
336,Arturo,McKerton,amckerton9b@admin.ch,Male,100.252.226.219
337,Massimiliano,Nyland,mnyland9c@storify.com,Male,1.55.178.52
338,Tove,Ghion,tghion9d@springer.com,Female,54.66.219.160
339,Ira,Blaik,iblaik9e@t.co,Male,71.127.198.255
340,Alwyn,Hostan,ahostan9f@jugem.jp,Male,60.172.41.83
341,Irina,Thaller,ithaller9g@livejournal.com,Genderfluid,166.164.126.33
342,Alphonse,Slite,aslite9h@tripadvisor.com,Male,236.153.21.73
343,Frasco,Bisterfeld,fbisterfeld9i@sun.com,Male,205.6.56.126
344,Giacinta,Bebis,gbebis9j@smh.com.au,Female,51.24.139.243
345,Terrel,Larwood,tlarwood9k@livejournal.com,Male,139.7.150.183
346,Junette,Beeck,jbeeck9l@infoseek.co.jp,Female,31.141.96.157
347,Bran,Masedon,bmasedon9m@mozilla.org,Male,79.57.209.108
348,Matty,Matteau,mmatteau9n@virginia.edu,Male,128.217.154.188
349,Lorelei,O'Haire,lohaire9o@blogtalkradio.com,Female,129.151.45.89
350,Pamelina,McGauhy,pmcgauhy9p@xing.com,Female,30.3.194.191
351,Jule,Tapply,jtapply9q@ning.com,Male,158.135.234.95
352,Adolph,Myner,amyner9r@networksolutions.com,Male,214.17.116.242
353,Adore,Thowless,athowless9s@wikia.com,Female,114.41.99.146
354,Herc,Nisard,hnisard9t@g.co,Male,24.79.107.69
355,Reggi,Glennard,rglennard9u@guardian.co.uk,Female,59.227.144.138
356,Dorey,Tolliday,dtolliday9v@biglobe.ne.jp,Genderfluid,212.73.94.228
357,Stacie,Swanton,sswanton9w@goodreads.com,Female,148.152.164.89
358,Galven,Mankor,gmankor9x@delicious.com,Male,50.72.198.229
359,Vernice,Gye,vgye9y@state.tx.us,Female,168.234.101.200
360,Carly,Stuckow,cstuckow9z@yellowbook.com,Male,177.12.120.74
361,Lilla,Hanbidge,lhanbidgea0@unicef.org,Female,34.126.116.144
362,Charlene,Rosoman,crosomana1@privacy.gov.au,Female,227.152.191.169
363,Flemming,Milroy,fmilroya2@goo.ne.jp,Male,100.21.33.38
364,Derby,Mauchlen,dmauchlena3@over-blog.com,Male,159.24.119.77
365,Jeddy,Osburn,josburna4@reference.com,Male,203.23.76.99
366,Deb,Jandac,djandaca5@fotki.com,Female,31.160.83.191
367,Innis,Rishman,irishmana6@dot.gov,Male,81.117.10.150
368,Johannes,Malam,jmalama7@networkadvertising.org,Male,148.149.33.203
369,Kevina,Heinish,kheinisha8@pbs.org,Female,3.141.211.194
370,Ilene,Ounsworth,iounswortha9@sogou.com,Female,152.85.61.163
371,Corney,Geipel,cgeipelaa@mlb.com,Genderfluid,53.71.41.135
372,Laverne,Kerss,lkerssab@google.co.uk,Female,164.114.237.48
373,Bridget,Duncanson,bduncansonac@nyu.edu,Bigender,191.17.226.85
374,Jareb,Ferre,jferread@free.fr,Male,57.165.42.120
375,Agatha,Bernardeau,abernardeauae@cpanel.net,Female,194.32.225.210
376,Jakie,Cavaney,jcavaneyaf@ibm.com,Male,131.114.130.114
377,Ladonna,Archdeckne,larchdeckneag@instagram.com,Non-binary,59.78.151.173
378,Dru,Costen,dcostenah@fotki.com,Male,77.179.161.48
379,Rolando,Wadworth,rwadworthai@1und1.de,Male,181.55.235.62
380,Nahum,Easton,neastonaj@redcross.org,Male,23.93.119.85
381,Cameron,Delcastel,cdelcastelak@apache.org,Male,216.86.67.42
382,Petunia,Rochewell,prochewellal@samsung.com,Female,42.173.66.1
383,Locke,Sanders,lsandersam@creativecommons.org,Male,24.46.245.140
384,Brooks,Gowing,bgowingan@sfgate.com,Female,27.61.190.147
385,Karilynn,Sanford,ksanfordao@nydailynews.com,Bigender,243.250.0.22
386,Idalia,Delyth,idelythap@youtu.be,Female,132.189.16.83
387,Grady,Liebmann,gliebmannaq@nationalgeographic.com,Male,71.66.185.115
388,Marne,Joseph,mjosephar@myspace.com,Female,108.60.246.167
389,Martynne,Gothliff,mgothliffas@ustream.tv,Female,149.182.101.84
390,Adelaida,Piddletown,apiddletownat@fc2.com,Female,68.228.39.253
391,Quint,Basilotta,qbasilottaau@oakley.com,Male,247.202.76.181
392,Randolph,Gotthard.sf,rgotthardsfav@cnbc.com,Male,255.104.216.2
393,Moses,Christoffe,mchristoffeaw@rambler.ru,Male,77.109.47.99
394,Andrea,Salamon,asalamonax@pbs.org,Male,145.159.198.178
395,Daphna,Jeaffreson,djeaffresonay@nydailynews.com,Female,82.83.230.35
396,Aggie,Stocking,astockingaz@histats.com,Female,43.186.182.166
397,Horace,Trevers,htreversb0@hud.gov,Male,21.106.100.134
398,Brigit,Jollands,bjollandsb1@dagondesign.com,Female,249.181.186.180
399,Mayne,Samett,msamettb2@homestead.com,Male,186.23.148.152
400,Marne,Claibourn,mclaibournb3@aol.com,Female,247.232.67.139
401,Winni,Minihane,wminihaneb4@netvibes.com,Female,121.248.242.123
402,Jedidiah,Galbreath,jgalbreathb5@jiathis.com,Male,219.50.57.152
403,Harris,Tee,hteeb6@reverbnation.com,Male,179.99.162.56
404,Deni,Surpliss,dsurplissb7@yellowpages.com,Female,222.159.130.131
405,Merill,Hanster,mhansterb8@furl.net,Male,60.16.121.47
406,Mickey,Chatwin,mchatwinb9@ustream.tv,Male,13.130.56.79
407,Leigh,Izkovici,lizkoviciba@mapquest.com,Female,159.11.87.224
408,Shelby,Tinsley,stinsleybb@about.me,Male,136.38.188.124
409,Jesse,Hadden,jhaddenbc@gizmodo.com,Male,29.251.82.137
410,Renata,Mulqueeny,rmulqueenybd@hexun.com,Non-binary,228.250.207.125
411,Bernie,Caddens,bcaddensbe@tmall.com,Female,26.152.103.194
412,Moselle,Hatcliffe,mhatcliffebf@phoca.cz,Female,152.214.254.144
413,Candie,Shellum,cshellumbg@psu.edu,Female,214.111.112.155
414,Angelle,Searight,asearightbh@kickstarter.com,Female,85.19.39.163
415,Lowrance,Borrill,lborrillbi@seattletimes.com,Male,116.95.132.46
416,Federica,Crampton,fcramptonbj@edublogs.org,Female,9.31.212.176
417,Dolly,Kubista,dkubistabk@wired.com,Female,46.130.248.132
418,Meade,Beals,mbealsbl@networkadvertising.org,Male,82.121.129.178
419,Ignaz,Woolforde,iwoolfordebm@indiatimes.com,Male,187.70.128.153
420,Stirling,Lassetter,slassetterbn@mit.edu,Male,35.229.206.119
421,Brit,Lambricht,blambrichtbo@sohu.com,Bigender,2.2.60.85
422,Ada,Weson,awesonbp@bbb.org,Female,202.202.188.89
423,Krystalle,McGlashan,kmcglashanbq@virginia.edu,Female,126.124.95.130
424,Corrianne,Fredy,cfredybr@cbsnews.com,Female,1.167.187.221
425,Nicolas,Castelletto,ncastellettobs@163.com,Male,66.157.248.175
426,Araldo,Santostefano.,asantostefanobt@washington.edu,Male,39.8.221.30
427,Dasha,Roxbrough,droxbroughbu@naver.com,Female,102.253.11.138
428,Binnie,Wicklin,bwicklinbv@foxnews.com,Female,27.131.100.221
429,Tommi,Banbrigge,tbanbriggebw@goo.gl,Female,177.195.166.121
430,Rebeca,Enrietto,renriettobx@theglobeandmail.com,Female,98.1.70.185
431,Talya,Newling,tnewlingby@hud.gov,Female,28.80.52.206
432,Elayne,Drinan,edrinanbz@latimes.com,Genderfluid,84.170.248.125
433,Susette,Kinrade,skinradec0@discovery.com,Agender,223.199.49.67
434,Barrie,Lohrensen,blohrensenc1@facebook.com,Female,193.12.45.231
435,Cordy,Schout,cschoutc2@archive.org,Male,88.13.133.145
436,Aldric,Claughton,aclaughtonc3@mozilla.org,Male,171.35.62.228
437,Egan,Dowden,edowdenc4@mozilla.org,Male,176.31.57.237
438,Minda,Rosas,mrosasc5@shutterfly.com,Genderfluid,114.133.237.6
439,Gan,Castel,gcastelc6@boston.com,Agender,214.47.78.101
440,Pancho,Barreau,pbarreauc7@php.net,Male,178.223.140.162
441,Tristam,Densham,tdenshamc8@google.pl,Male,5.117.40.234
442,Bastian,Grabb,bgrabbc9@webmd.com,Genderfluid,191.233.3.60
443,Verna,Briscow,vbriscowca@yale.edu,Female,227.181.17.110
444,Lucais,Liptrot,lliptrotcb@stanford.edu,Male,57.208.40.138
445,Sawyer,Goter,sgotercc@opensource.org,Male,46.42.93.35
446,Damara,Exon,dexoncd@prweb.com,Female,217.186.147.3
447,Temple,Williscroft,twilliscroftce@trellian.com,Male,208.253.188.68
448,Bertrand,Avison,bavisoncf@newsvine.com,Male,204.56.68.3
449,Myca,Passion,mpassioncg@sogou.com,Male,98.194.204.182
450,Mariele,Schulken,mschulkench@ebay.com,Female,249.188.32.58
451,Arlyn,Revington,arevingtonci@purevolume.com,Female,240.113.4.225
452,Bentlee,Blowing,bblowingcj@rakuten.co.jp,Male,178.70.233.92
453,Zoe,Discombe,zdiscombeck@cyberchimps.com,Female,244.100.74.162
454,Travis,Grane,tgranecl@ihg.com,Male,117.55.18.205
455,Rosana,Prichard,rprichardcm@weebly.com,Polygender,116.207.143.248
456,Rachael,Lidgate,rlidgatecn@deviantart.com,Female,176.77.123.240
457,Gris,Flarity,gflarityco@unesco.org,Male,237.23.226.15
458,Eulalie,Bowbrick,ebowbrickcp@bloglovin.com,Non-binary,51.220.134.159
459,Kimbell,Lemarie,klemariecq@reuters.com,Male,189.136.194.116
460,Erminie,Szymonowicz,eszymonowiczcr@storify.com,Female,192.44.38.232
461,Konstantine,Gawthorp,kgawthorpcs@symantec.com,Male,138.121.209.111
462,Alick,Suffield,asuffieldct@networksolutions.com,Male,248.242.81.63
463,Ravid,Curnucke,rcurnuckecu@cargocollective.com,Genderqueer,128.60.47.248
464,Hakeem,Robertacci,hrobertaccicv@huffingtonpost.com,Male,165.32.188.116
465,Esmaria,Vickerstaff,evickerstaffcw@shinystat.com,Female,13.243.180.184
466,Dieter,Thackray,dthackraycx@hao123.com,Male,1.57.253.210
467,Dulsea,Nowlan,dnowlancy@msn.com,Female,232.74.34.185
468,Sybila,Marjanovic,smarjanoviccz@vk.com,Female,7.102.93.186
469,Dasya,Bravery,dbraveryd0@businessinsider.com,Female,126.137.3.111
470,Stevy,Luckhurst,sluckhurstd1@livejournal.com,Male,200.181.80.180
471,Albie,Diament,adiamentd2@wikipedia.org,Male,214.129.91.118
472,Orelle,Bowich,obowichd3@tinyurl.com,Female,14.46.185.183
473,Dahlia,Hansard,dhansardd4@senate.gov,Female,55.247.136.160
474,Uriah,Flemming,uflemmingd5@ycombinator.com,Male,128.131.116.123
475,Humfried,Kless,hklessd6@netvibes.com,Male,16.18.180.25
476,Clemente,Bartozzi,cbartozzid7@admin.ch,Male,198.100.160.174
477,Rubin,Lattos,rlattosd8@zimbio.com,Male,107.166.142.169
478,Lothaire,Mackelworth,lmackelworthd9@webs.com,Male,13.131.191.12
479,Kat,Camis,kcamisda@liveinternet.ru,Female,97.97.168.56
480,Cristiano,Rodder,crodderdb@webs.com,Male,249.195.255.133
481,Carl,Sands,csandsdc@people.com.cn,Male,205.197.54.186
482,Gregorio,Cadden,gcaddendd@usatoday.com,Bigender,145.120.0.52
483,Naoma,Gove,ngovede@chronoengine.com,Genderqueer,187.149.44.135
484,Beth,Fitton,bfittondf@comcast.net,Female,165.62.86.53
485,Zsa zsa,Haster,zhasterdg@devhub.com,Female,252.205.66.46
486,Simon,Harburtson,sharburtsondh@barnesandnoble.com,Male,90.14.96.2
487,Rutherford,Philp,rphilpdi@pbs.org,Male,142.65.129.171
488,Nerita,Chaulk,nchaulkdj@dot.gov,Female,188.212.208.215
489,Zandra,Dietsche,zdietschedk@ted.com,Female,46.6.25.208
490,Kellen,Bensusan,kbensusandl@oracle.com,Female,123.158.66.76
491,Kendre,Follos,kfollosdm@huffingtonpost.com,Non-binary,28.249.76.59
492,Rosalyn,Kusick,rkusickdn@prlog.org,Female,55.173.146.104
493,Louie,Niessen,lniessendo@marketwatch.com,Genderfluid,79.229.194.142
494,Salim,Dauber,sdauberdp@who.int,Agender,233.112.93.183
495,Mendie,Weigh,mweighdq@booking.com,Male,94.66.45.213
496,Cristian,Saker,csakerdr@google.pl,Male,228.112.195.52
497,Stanley,Hulk,shulkds@opera.com,Male,191.33.91.63
498,Katina,Risson,krissondt@blogger.com,Female,68.192.41.73
499,Kellsie,Dorney,kdorneydu@tmall.com,Female,17.148.74.157
500,Godfree,Morten,gmortendv@boston.com,Male,83.233.165.90
501,Cosette,Ahmed,cahmeddw@cnet.com,Female,78.120.208.98
502,Thurston,Hoodspeth,thoodspethdx@intel.com,Male,193.20.74.235
503,Kean,Girardoni,kgirardonidy@wikispaces.com,Male,100.108.137.56
504,Nichole,Cohr,ncohrdz@cdc.gov,Agender,94.249.162.183
505,Parnell,Farry,pfarrye0@delicious.com,Male,126.212.8.51
506,Colan,Axel,caxele1@jigsy.com,Male,74.71.223.221
507,Blondie,Fanshawe,bfanshawee2@linkedin.com,Female,63.63.35.127
508,Ambrosio,Tatersale,atatersalee3@theatlantic.com,Male,14.69.194.230
509,Millisent,Stonebanks,mstonebankse4@feedburner.com,Genderqueer,155.248.235.165
510,Moe,Dinse,mdinsee5@independent.co.uk,Male,93.28.111.105
511,Thane,Wafer,twafere6@europa.eu,Male,155.160.67.71
512,Theresita,Corragan,tcorragane7@wikispaces.com,Female,174.230.113.186
513,Lilas,Cowland,lcowlande8@google.ru,Female,101.233.247.160
514,Dorie,Wetherald,dwetheralde9@artisteer.com,Male,203.240.63.88
515,Cindra,Fullilove,cfulliloveea@altervista.org,Female,98.149.81.8
516,Cacilia,Mucklow,cmuckloweb@ed.gov,Female,154.146.170.3
517,Venus,Kynder,vkynderec@mediafire.com,Female,23.212.42.90
518,Florian,Gillmore,fgillmoreed@amazon.com,Male,109.173.183.154
519,Kelila,Bason,kbasonee@admin.ch,Female,62.108.52.166
520,Demott,Stoute,dstouteef@meetup.com,Male,18.165.164.87
521,Tedman,Duffin,tduffineg@g.co,Male,254.24.94.93
522,Carlo,Leyborne,cleyborneeh@shinystat.com,Male,44.234.32.209
523,Cornell,Ravenshaw,cravenshawei@telegraph.co.uk,Male,87.177.200.170
524,Laurena,Ternault,lternaultej@ca.gov,Female,196.103.7.3
525,Norton,Berka,nberkaek@lycos.com,Male,225.240.126.13
526,Freddie,Douthwaite,fdouthwaiteel@youtu.be,Female,20.180.207.233
527,Ed,Walcot,ewalcotem@stanford.edu,Polygender,129.173.148.151
528,Dot,Trillow,dtrillowen@creativecommons.org,Female,117.220.22.79
529,Homere,Barta,hbartaeo@pcworld.com,Male,206.65.223.96
530,Anselma,Garlant,agarlantep@purevolume.com,Female,78.235.37.240
531,Elliott,Clinkard,eclinkardeq@uol.com.br,Male,25.203.168.214
532,Wilona,Fontenot,wfontenoter@flavors.me,Female,181.250.238.11
533,Niki,Margrett,nmargrettes@xrea.com,Female,162.109.108.243
534,Jennette,Edison,jedisonet@mac.com,Polygender,203.232.48.145
535,Germana,Piggrem,gpiggremeu@csmonitor.com,Female,112.204.71.118
536,Shirleen,Bolitho,sbolithoev@usda.gov,Female,144.172.192.91
537,Palmer,Freak,pfreakew@joomla.org,Male,94.249.24.2
538,Yoshiko,Sallows,ysallowsex@blogspot.com,Female,162.217.38.159
539,Marja,Stranks,mstranksey@ucoz.com,Genderfluid,117.122.92.71
540,Teena,Kener,tkenerez@amazon.co.jp,Female,45.77.19.8
541,Tiffi,Shellibeer,tshellibeerf0@cbsnews.com,Female,123.74.146.55
542,Josephine,Banthorpe,jbanthorpef1@admin.ch,Female,157.216.2.108
543,Torey,Seller,tsellerf2@tmall.com,Female,61.219.98.126
544,Diane-marie,Ridulfo,dridulfof3@youku.com,Female,196.189.71.14
545,Germain,Merkel,gmerkelf4@ameblo.jp,Male,66.168.129.22
546,Roscoe,Peperell,rpeperellf5@discuz.net,Non-binary,185.48.237.71
547,Jenny,Castano,jcastanof6@foxnews.com,Agender,203.13.194.63
548,Susann,Bantham,sbanthamf7@statcounter.com,Female,254.120.143.41
549,Noami,Fleischer,nfleischerf8@simplemachines.org,Female,26.136.203.14
550,Thor,Armytage,tarmytagef9@apple.com,Male,195.229.8.43
551,Trula,Castelletto,tcastellettofa@acquirethisname.com,Female,155.8.236.185
552,Carley,McIllrick,cmcillrickfb@vistaprint.com,Non-binary,33.48.162.135
553,Antone,Binns,abinnsfc@sciencedaily.com,Genderqueer,84.28.67.188
554,Elizabet,Lorans,eloransfd@imdb.com,Agender,42.221.223.142
555,Debby,Rewbottom,drewbottomfe@bbc.co.uk,Female,149.177.104.2
556,Rriocard,Barthrop,rbarthropff@dyndns.org,Male,245.143.19.248
557,Kinny,Gogie,kgogiefg@ftc.gov,Male,225.204.221.248
558,Dudley,Batistelli,dbatistellifh@spiegel.de,Male,113.166.228.24
559,Golda,Bradnam,gbradnamfi@irs.gov,Female,176.88.152.46
560,Shell,Valde,svaldefj@vkontakte.ru,Female,253.144.244.246
561,Federico,D'Ambrogio,fdambrogiofk@nps.gov,Male,166.40.107.135
562,Barry,Mordanti,bmordantifl@ebay.co.uk,Male,2.228.93.90
563,Marybelle,Larmouth,mlarmouthfm@51.la,Female,87.252.244.162
564,Ravid,Bristowe,rbristowefn@constantcontact.com,Male,253.36.228.201
565,Ada,Warfield,awarfieldfo@boston.com,Female,164.66.73.224
566,Manuel,Boxhall,mboxhallfp@tamu.edu,Male,104.193.243.248
567,Meridith,Cotterrill,mcotterrillfq@seesaa.net,Female,69.195.35.21
568,Northrup,Goney,ngoneyfr@shinystat.com,Male,194.166.8.197
569,Darrell,Cumes,dcumesfs@sogou.com,Polygender,163.138.34.187
570,Myrwyn,Blacklawe,mblacklaweft@unblog.fr,Male,188.4.230.171
571,Abelard,Skirven,askirvenfu@illinois.edu,Bigender,54.9.181.17
572,Myrilla,Matthesius,mmatthesiusfv@histats.com,Female,212.127.177.208
573,Booth,Waszczyk,bwaszczykfw@forbes.com,Male,221.41.98.180
574,Elise,Greste,egrestefx@fotki.com,Female,247.151.229.239
575,Marin,Edgerley,medgerleyfy@youku.com,Female,38.87.217.222
576,Brantley,Riccardo,briccardofz@csmonitor.com,Male,100.159.225.134
577,Virgilio,Schurig,vschurigg0@usda.gov,Male,92.23.61.103
578,Iago,Shankster,ishanksterg1@amazon.co.uk,Male,222.81.194.152
579,Brana,Laugheran,blaugherang2@google.es,Female,229.230.203.66
580,Humfrey,Pagitt,hpagittg3@parallels.com,Male,79.122.118.13
581,Holly-anne,Duxbury,hduxburyg4@google.com.au,Female,85.121.174.121
582,Rodrick,Kneel,rkneelg5@go.com,Male,181.140.248.33
583,Saundra,Oxbury,soxburyg6@state.gov,Female,223.139.253.17
584,El,Manzell,emanzellg7@ask.com,Male,164.7.242.90
585,Lauri,Folker,lfolkerg8@webs.com,Female,181.159.181.219
586,Obediah,Giroldi,ogiroldig9@vinaora.com,Male,74.91.144.100
587,Garrott,Anderson,gandersonga@free.fr,Male,215.158.219.69
588,Shaylah,Gerry,sgerrygb@infoseek.co.jp,Polygender,149.68.59.63
589,Garold,Doumic,gdoumicgc@mozilla.org,Male,230.153.119.252
590,Nev,Dinse,ndinsegd@umich.edu,Male,103.226.91.77
591,Tamas,Whittuck,twhittuckge@eventbrite.com,Male,44.67.213.107
592,Lee,Sarten,lsartengf@youtube.com,Non-binary,46.196.207.169
593,Shell,Burth,sburthgg@hexun.com,Male,54.28.155.205
594,Dorise,Kilfedder,dkilfeddergh@wikimedia.org,Female,22.216.183.147
595,Sheppard,Beadham,sbeadhamgi@plala.or.jp,Male,177.133.137.239
596,Sheffy,Kettleson,skettlesongj@technorati.com,Male,113.103.122.82
597,Dorie,Jerche,djerchegk@chronoengine.com,Female,212.220.111.195
598,Ramon,Held,rheldgl@weather.com,Male,23.82.192.169
599,Deonne,Luxmoore,dluxmooregm@vkontakte.ru,Genderqueer,186.167.82.81
600,Clemens,Benting,cbentinggn@eepurl.com,Male,171.165.104.52
601,Rosella,Bendley,rbendleygo@ameblo.jp,Female,158.24.176.193
602,Tresa,Sich,tsichgp@bbc.co.uk,Female,149.204.42.43
603,Debor,Darlington,ddarlingtongq@marriott.com,Genderqueer,72.24.116.222
604,Kory,Trenfield,ktrenfieldgr@msu.edu,Male,200.205.215.10
605,Dee,O'Hear,doheargs@fema.gov,Female,216.24.156.160
606,Daniele,Byfield,dbyfieldgt@ameblo.jp,Female,234.246.220.230
607,Abdul,McCormick,amccormickgu@patch.com,Male,28.138.245.209
608,Ken,Symon,ksymongv@pinterest.com,Male,149.175.243.220
609,Charlotta,Harome,charomegw@webnode.com,Genderqueer,244.100.127.46
610,Mackenzie,Shelbourne,mshelbournegx@i2i.jp,Male,207.198.209.132
611,Ferdinanda,Luckey,fluckeygy@europa.eu,Female,167.54.220.253
612,Maxy,Kettow,mkettowgz@goodreads.com,Female,245.232.1.144
613,David,Edelheit,dedelheith0@thetimes.co.uk,Male,252.196.238.116
614,Stillman,Crommett,scrommetth1@go.com,Male,247.157.209.120
615,Hersch,Thominga,hthomingah2@smh.com.au,Male,103.227.141.122
616,Adolphe,Mortell,amortellh3@home.pl,Male,3.44.237.200
617,Harrie,Gilfoyle,hgilfoyleh4@archive.org,Agender,253.71.203.200
618,Marlowe,Holehouse,mholehouseh5@shutterfly.com,Male,158.18.240.29
619,Eleanore,Bellefant,ebellefanth6@wunderground.com,Female,186.104.168.220
620,Lorene,Bendle,lbendleh7@paypal.com,Female,63.107.96.34
621,Shirl,Shury,sshuryh8@diigo.com,Female,174.168.242.55
622,Hewett,Paton,hpatonh9@lycos.com,Male,21.20.184.193
623,Othelia,Dies,odiesha@github.com,Female,46.25.22.166
624,Jerrine,Ryce,jrycehb@jalbum.net,Female,181.237.153.9
625,Susette,Lanphere,slanpherehc@bloglines.com,Female,116.63.121.168
626,Avis,Rubel,arubelhd@merriam-webster.com,Female,181.232.152.251
627,Jacqueline,Chazelas,jchazelashe@bluehost.com,Female,158.113.103.110
628,Thedrick,Martschik,tmartschikhf@reddit.com,Male,170.131.149.201
629,Bernardine,Streather,bstreatherhg@wikipedia.org,Female,102.167.105.168
630,Benji,April,baprilhh@hc360.com,Male,78.181.254.223
631,Berrie,Skullet,bskullethi@51.la,Female,23.129.88.58
632,Freeman,Kenninghan,fkenninghanhj@sohu.com,Male,232.224.29.57
633,Glenden,Oulner,goulnerhk@va.gov,Male,149.247.50.224
634,Shellysheldon,Frayne,sfraynehl@friendfeed.com,Male,73.125.163.75
635,Wilburt,Merkle,wmerklehm@mayoclinic.com,Male,100.65.101.76
636,Cleo,Thome,cthomehn@gizmodo.com,Female,97.98.190.248
637,Neils,Redwall,nredwallho@sciencedirect.com,Male,91.194.248.128
638,Alard,Veal,avealhp@theguardian.com,Male,179.171.238.84
639,Jethro,Menichi,jmenichihq@gov.uk,Male,140.1.59.111
640,Glenna,Tedstone,gtedstonehr@nba.com,Female,132.231.23.140
641,Neron,Rosoman,nrosomanhs@nbcnews.com,Genderqueer,197.46.245.160
642,Jehu,Attenburrow,jattenburrowht@craigslist.org,Male,224.235.118.217
643,Even,Conechie,econechiehu@arstechnica.com,Male,45.53.32.195
644,Doralia,Allsepp,dallsepphv@bbb.org,Female,242.250.192.81
645,Calhoun,Schoenfisch,cschoenfischhw@google.it,Male,97.251.244.236
646,Jobi,Ottey,jotteyhx@purevolume.com,Female,19.141.117.215
647,Demetria,Jocic,djocichy@xinhuanet.com,Female,127.238.229.193
648,Gery,Crimmins,gcrimminshz@acquirethisname.com,Male,236.180.116.42
649,Cointon,Tomeo,ctomeoi0@pcworld.com,Male,73.216.163.126
650,Taylor,Ingree,tingreei1@ifeng.com,Male,152.91.255.246
651,Augusto,Hurdiss,ahurdissi2@cdc.gov,Male,207.178.105.106
652,Nester,Morgan,nmorgani3@sphinn.com,Male,63.110.82.132
653,Sheela,Cawthra,scawthrai4@wunderground.com,Female,158.48.175.31
654,Margo,Fratczak,mfratczaki5@acquirethisname.com,Female,247.56.191.182
655,Anett,Venus,avenusi6@flavors.me,Female,103.21.129.162
656,Agnes,Noury,anouryi7@biblegateway.com,Female,221.57.145.99
657,Ricky,Duffan,rduffani8@china.com.cn,Female,214.184.164.166
658,Marya,Bleakley,mbleakleyi9@odnoklassniki.ru,Non-binary,37.230.5.79
659,Lynn,Daville,ldavilleia@reverbnation.com,Polygender,43.9.105.125
660,Pail,Hagergham,phagerghamib@gnu.org,Male,174.4.15.145
661,Standford,Madison,smadisonic@i2i.jp,Male,162.35.85.222
662,Roanna,Cressey,rcresseyid@mail.ru,Female,144.28.207.186
663,Eugene,Nestoruk,enestorukie@discuz.net,Male,86.107.25.93
664,Lenka,Cowe,lcoweif@ow.ly,Female,229.147.84.131
665,Victoria,Dearnly,vdearnlyig@squidoo.com,Female,59.219.204.105
666,Michael,Favill,mfavillih@google.pl,Male,127.105.40.16
667,Madelon,Maurice,mmauriceii@patch.com,Female,56.91.204.238
668,Red,Cordon,rcordonij@icio.us,Male,8.234.55.24
669,Jamaal,Sparling,jsparlingik@ycombinator.com,Male,57.191.175.75
670,Sara-ann,Eglinton,seglintonil@craigslist.org,Female,125.78.1.73
671,Benedikt,Duker,bdukerim@chicagotribune.com,Male,1.56.109.238
672,Ulysses,Mahaddy,umahaddyin@g.co,Male,250.215.146.173
673,Nicolis,Moules,nmoulesio@economist.com,Male,106.104.34.97
674,Clayborn,MacNamara,cmacnamaraip@smugmug.com,Male,25.13.29.77
675,Gaylene,Renahan,grenahaniq@vk.com,Female,171.101.175.223
676,Coletta,Broxholme,cbroxholmeir@umn.edu,Female,59.119.204.136
677,Wilfred,Djurisic,wdjurisicis@ca.gov,Male,194.218.199.198
678,Codee,Street,cstreetit@admin.ch,Female,1.97.85.169
679,Olenolin,Marnes,omarnesiu@nyu.edu,Male,120.19.180.1
680,Jamaal,Keenlyside,jkeenlysideiv@scientificamerican.com,Male,219.184.22.3
681,Jenny,Coarser,jcoarseriw@360.cn,Female,58.173.68.114
682,Tana,Matokhnin,tmatokhninix@csmonitor.com,Female,249.110.226.43
683,Alyosha,Matschuk,amatschukiy@time.com,Male,226.122.124.195
684,Frasquito,Batt,fbattiz@bravesites.com,Male,71.38.249.11
685,Ellette,Stollen,estollenj0@fc2.com,Polygender,52.144.130.7
686,Conney,Swaine,cswainej1@ibm.com,Male,213.60.168.201
687,Sheela,Willarton,swillartonj2@businessinsider.com,Female,185.224.52.99
688,Bernardina,Pellatt,bpellattj3@japanpost.jp,Bigender,251.91.132.142
689,Nanci,Yukhin,nyukhinj4@squidoo.com,Female,13.30.231.44
690,Rycca,Eaken,reakenj5@nifty.com,Female,139.103.83.72
691,Rowan,Aspland,rasplandj6@soup.io,Male,40.119.16.228
692,Kristopher,Wye,kwyej7@howstuffworks.com,Male,238.21.95.103
693,Brandy,Linzee,blinzeej8@tumblr.com,Female,157.68.64.190
694,Marthena,Horsefield,mhorsefieldj9@symantec.com,Female,131.202.0.236
695,Thomasine,Derwin,tderwinja@unc.edu,Female,59.14.126.226
696,Neale,Dunne,ndunnejb@shutterfly.com,Male,71.250.23.9
697,Dino,Chittock,dchittockjc@shutterfly.com,Male,233.222.169.174
698,Sanderson,Epps,seppsjd@devhub.com,Polygender,32.49.117.18
699,Brody,Yanyshev,byanyshevje@cnn.com,Male,145.247.250.85
700,Kira,O' Gara,kogarajf@blogger.com,Female,223.79.157.67
701,Wilburt,Purkiss,wpurkissjg@t-online.de,Male,124.116.135.27
702,Angie,Moehle,amoehlejh@cam.ac.uk,Female,35.123.79.206
703,Abbe,Hassin,ahassinji@google.it,Male,148.152.189.33
704,Mella,Bewshea,mbewsheajj@cyberchimps.com,Female,6.194.125.13
705,Jacqui,Argrave,jargravejk@cnbc.com,Female,196.46.30.10
706,Winonah,Stodart,wstodartjl@nps.gov,Female,43.40.162.146
707,Marlie,Archanbault,marchanbaultjm@issuu.com,Female,170.148.186.220
708,Kingston,Side,ksidejn@hugedomains.com,Polygender,6.106.98.77
709,Abigail,Keller,akellerjo@pinterest.com,Female,37.51.247.125
710,Arch,Rayburn,arayburnjp@yelp.com,Male,188.53.196.195
711,Danica,Burchett,dburchettjq@jiathis.com,Female,223.140.99.152
712,Lesli,Garvie,lgarviejr@weibo.com,Female,177.77.247.247
713,Corey,Jaggard,cjaggardjs@jiathis.com,Female,244.245.159.236
714,Batsheva,Liffey,bliffeyjt@drupal.org,Female,191.250.87.192
715,Shaylyn,Groocock,sgroocockju@dailymotion.com,Female,147.92.80.204
716,Giusto,Girodias,ggirodiasjv@4shared.com,Male,193.24.92.102
717,Terrie,DelaField,tdelafieldjw@mayoclinic.com,Female,34.171.56.25
718,Hetty,Bladge,hbladgejx@soundcloud.com,Female,109.92.112.189
719,Ganny,Hadwick,ghadwickjy@nhs.uk,Male,67.107.74.113
720,Lari,Perring,lperringjz@yelp.com,Female,84.49.107.128
721,Garvey,Blakeborough,gblakeboroughk0@umich.edu,Male,97.107.233.106
722,Shamus,Treweela,streweelak1@tiny.cc,Male,177.174.208.207
723,Kimmie,Chiplen,kchiplenk2@mtv.com,Female,203.238.168.95
724,Amandi,Dommett,adommettk3@apache.org,Polygender,164.229.152.109
725,Colin,Rittelmeyer,crittelmeyerk4@blinklist.com,Male,110.12.42.214
726,Jordon,Bendare,jbendarek5@senate.gov,Non-binary,215.90.49.189
727,Moreen,Cranstoun,mcranstounk6@google.nl,Female,151.140.64.201
728,Dante,Probey,dprobeyk7@wp.com,Male,102.146.188.84
729,Whitman,Alderson,waldersonk8@sfgate.com,Male,120.46.46.99
730,Crystal,Southan,csouthank9@mit.edu,Bigender,11.110.77.33
731,Shane,Spilsted,sspilstedka@yahoo.co.jp,Male,38.56.142.80
732,Rochell,Klazenga,rklazengakb@thetimes.co.uk,Female,228.46.151.15
733,Imogen,D'Alesco,idalescokc@youtube.com,Female,126.141.120.211
734,Ezechiel,Belham,ebelhamkd@over-blog.com,Male,85.24.252.84
735,Bondon,Eisikowitch,beisikowitchke@ycombinator.com,Male,83.5.182.119
736,Sansone,Ringrose,sringrosekf@gnu.org,Male,245.181.149.73
737,Grantley,Bechley,gbechleykg@statcounter.com,Male,223.71.11.79
738,Talbert,Eaklee,teakleekh@yahoo.com,Male,165.152.15.135
739,Letta,Cain,lcainki@cargocollective.com,Female,71.110.128.240
740,Hedi,Woofenden,hwoofendenkj@blog.com,Genderqueer,119.42.213.129
741,Ysabel,Shearsby,yshearsbykk@census.gov,Female,50.218.119.194
742,Lenard,Chittem,lchittemkl@pagesperso-orange.fr,Male,141.132.36.212
743,Riordan,Thackeray,rthackeraykm@delicious.com,Male,186.214.116.139
744,Aldrich,Pyatt,apyattkn@jugem.jp,Male,44.193.117.96
745,Amitie,Mariaud,amariaudko@google.it,Female,134.171.229.241
746,Fredrika,Sandcraft,fsandcraftkp@china.com.cn,Female,122.18.58.3
747,Caitlin,Manchett,cmanchettkq@illinois.edu,Female,34.255.204.247
748,Aron,Larman,alarmankr@seattletimes.com,Male,208.66.186.18
749,Albert,Titchmarsh,atitchmarshks@pagesperso-orange.fr,Male,17.187.173.217
750,Dari,Nicholls,dnichollskt@elegantthemes.com,Female,12.242.22.152
751,Baxie,Hearnaman,bhearnamanku@springer.com,Male,112.223.79.17
752,Janette,Tuting,jtutingkv@blog.com,Female,39.6.82.34
753,Duky,Bauser,dbauserkw@about.com,Male,9.72.128.45
754,Daisi,Incogna,dincognakx@multiply.com,Female,76.199.0.91
755,Ignacio,Brugman,ibrugmanky@jigsy.com,Male,37.53.101.71
756,Catlee,Hartus,chartuskz@prnewswire.com,Female,143.105.14.111
757,Faye,Davidovich,fdavidovichl0@google.de,Female,178.228.129.94
758,Nanette,Dimitru,ndimitrul1@wp.com,Female,196.28.134.59
759,Lotta,Coldicott,lcoldicottl2@t.co,Polygender,169.145.60.161
760,Venita,Gartery,vgarteryl3@naver.com,Female,119.139.245.131
761,Elton,Hold,eholdl4@netscape.com,Male,244.125.205.180
762,Anthiathia,Purshouse,apurshousel5@nytimes.com,Female,141.99.61.251
763,Boothe,Ferro,bferrol6@nasa.gov,Male,39.60.181.11
764,Cathleen,Fuentez,cfuentezl7@time.com,Female,41.104.12.17
765,Linnell,Siman,lsimanl8@oaic.gov.au,Female,104.250.12.50
766,Guilbert,Cleyburn,gcleyburnl9@stumbleupon.com,Male,229.81.86.216
767,Faith,Busse,fbussela@bigcartel.com,Female,153.249.79.163
768,Jammie,Iacovaccio,jiacovacciolb@gov.uk,Female,107.90.252.23
769,Kira,Batalini,kbatalinilc@fastcompany.com,Non-binary,149.25.226.206
770,Arlina,Wilcocks,awilcocksld@digg.com,Female,38.243.47.170
771,Sunny,Saffrin,ssaffrinle@abc.net.au,Polygender,51.170.65.218
772,Sumner,Guyon,sguyonlf@intel.com,Male,9.166.244.245
773,Kippy,Burgne,kburgnelg@loc.gov,Agender,73.58.143.223
774,Jackqueline,Hurburt,jhurburtlh@scribd.com,Female,25.77.186.119
775,Angel,Drysdale,adrysdaleli@miibeian.gov.cn,Female,221.21.149.94
776,Joelly,MacBain,jmacbainlj@liveinternet.ru,Female,124.228.124.115
777,Kaitlin,McKearnen,kmckearnenlk@topsy.com,Female,122.36.106.146
778,Rudd,Meedendorpe,rmeedendorpell@uiuc.edu,Male,18.41.251.74
779,Jdavie,Gieves,jgieveslm@flavors.me,Male,159.94.232.51
780,Lurlene,Pedri,lpedriln@marriott.com,Female,74.40.134.201
781,Ashleigh,Garrat,agarratlo@behance.net,Female,235.240.186.38
782,Gaile,Ballaam,gballaamlp@opera.com,Male,75.192.153.31
783,Berkeley,Valentim,bvalentimlq@tripod.com,Male,69.186.32.53
784,Merrel,Beel,mbeellr@fda.gov,Male,89.233.235.35
785,Barbara-anne,Veschambre,bveschambrels@live.com,Female,147.135.20.94
786,Avigdor,MacPhee,amacpheelt@un.org,Agender,171.179.160.108
787,Donny,Vince,dvincelu@rakuten.co.jp,Female,135.208.126.1
788,Jessamyn,Fifoot,jfifootlv@apple.com,Female,72.254.240.150
789,Arvy,Volks,avolkslw@yellowbook.com,Male,34.154.80.162
790,Brant,Bavridge,bbavridgelx@php.net,Male,48.145.89.103
791,Almeta,Corness,acornessly@drupal.org,Bigender,227.14.197.219
792,Dougie,Lockhead,dlockheadlz@amazon.de,Male,183.101.121.83
793,Sargent,Ledner,slednerm0@alexa.com,Male,131.19.153.248
794,Arin,Clutton,acluttonm1@wsj.com,Genderqueer,240.63.23.250
795,Cahra,Scandred,cscandredm2@symantec.com,Female,119.27.82.103
796,Viki,Ritelli,vritellim3@europa.eu,Female,125.174.209.141
797,Richard,Clerc,rclercm4@vkontakte.ru,Male,133.239.170.226
798,Buddy,Philipson,bphilipsonm5@feedburner.com,Male,223.4.206.228
799,Carrissa,Nalder,cnalderm6@blog.com,Female,4.154.21.211
800,Monti,Pilbury,mpilburym7@harvard.edu,Male,156.233.102.255
801,Beauregard,Filipson,bfilipsonm8@hugedomains.com,Male,222.192.77.199
802,Kris,Sillitoe,ksillitoem9@sciencedaily.com,Male,186.192.186.203
803,Guenna,Templman,gtemplmanma@soundcloud.com,Female,198.58.179.152
804,Iormina,Marrow,imarrowmb@si.edu,Female,216.76.46.194
805,Stavros,Rablin,srablinmc@icq.com,Male,138.64.197.55
806,Faulkner,Crosher,fcroshermd@hhs.gov,Male,179.111.33.129
807,Pernell,Schach,pschachme@addtoany.com,Male,72.171.195.155
808,Napoleon,Thaw,nthawmf@vimeo.com,Male,124.249.44.81
809,Olav,Glynne,oglynnemg@wufoo.com,Male,187.173.204.208
810,Frasquito,Meeland,fmeelandmh@free.fr,Male,243.242.112.174
811,Joanne,Blaxall,jblaxallmi@state.gov,Female,182.112.48.185
812,Jerrome,Frances,jfrancesmj@noaa.gov,Male,161.207.215.183
813,Ruthanne,Di Matteo,rdimatteomk@reddit.com,Female,255.153.234.81
814,Rudie,Kerton,rkertonml@dagondesign.com,Male,203.22.98.133
815,Adelaide,Ruck,aruckmm@businessweek.com,Female,32.205.215.84
816,Gray,Heinzel,gheinzelmn@noaa.gov,Female,4.122.126.206
817,Linea,Allain,lallainmo@bbc.co.uk,Female,85.145.144.179
818,Hanan,Beeho,hbeehomp@youtube.com,Male,249.199.110.129
819,Hannis,Methley,hmethleymq@ask.com,Female,241.37.34.151
820,Antonin,Heersma,aheersmamr@goo.ne.jp,Male,93.22.96.80
821,Brucie,Brownsall,bbrownsallms@weibo.com,Genderqueer,157.53.151.27
822,Miller,Spybey,mspybeymt@wikispaces.com,Male,74.247.54.34
823,Cully,Gribbell,cgribbellmu@godaddy.com,Male,241.5.49.110
824,Culley,Rushworth,crushworthmv@com.com,Male,128.65.174.75
825,Wendall,Deport,wdeportmw@bigcartel.com,Male,118.99.83.211
826,Elias,Ferenc,eferencmx@foxnews.com,Male,253.65.244.131
827,Fan,Nurse,fnursemy@tiny.cc,Genderqueer,183.98.197.109
828,Martynne,Neaves,mneavesmz@europa.eu,Female,11.8.71.153
829,Fee,Rouby,froubyn0@behance.net,Male,84.245.160.174
830,Nathanael,Smyley,nsmyleyn1@engadget.com,Male,138.1.129.36
831,Lena,Lowdyane,llowdyanen2@mtv.com,Non-binary,47.227.166.101
832,Roselin,Oganian,roganiann3@1688.com,Female,238.82.122.12
833,Fidela,Leachman,fleachmann4@photobucket.com,Female,196.114.118.77
834,June,Dewick,jdewickn5@bloomberg.com,Female,189.219.66.81
835,Hector,Littrell,hlittrelln6@bigcartel.com,Genderfluid,192.43.95.177
836,Fayth,Ley,fleyn7@cornell.edu,Female,64.78.227.176
837,Sam,Pigdon,spigdonn8@google.com.hk,Female,44.210.231.97
838,Fabe,Chadburn,fchadburnn9@chronoengine.com,Male,76.182.154.146
839,Bellina,Cartmale,bcartmalena@reddit.com,Female,197.172.41.126
840,Sheelagh,Moukes,smoukesnb@twitter.com,Female,49.221.117.210
841,Deeann,Piggens,dpiggensnc@spotify.com,Female,16.73.165.8
842,Natty,Hardisty,nhardistynd@foxnews.com,Female,142.4.88.149
843,Kermie,Orys,korysne@seattletimes.com,Male,30.133.225.245
844,Arvy,Tarr,atarrnf@jiathis.com,Male,135.140.235.20
845,Shirleen,Harmour,sharmourng@wordpress.org,Female,196.70.231.174
846,Chrissy,Perche,cperchenh@tripadvisor.com,Male,211.147.221.63
847,Chancey,Shilito,cshilitoni@youtube.com,Male,233.112.17.237
848,Aubrey,Zorzi,azorzinj@ucla.edu,Male,123.215.43.29
849,Kyla,Tunny,ktunnynk@godaddy.com,Female,88.77.209.51
850,Regina,Jenkinson,rjenkinsonnl@loc.gov,Female,168.197.49.218
851,Shermy,McGeachey,smcgeacheynm@sbwire.com,Non-binary,64.149.239.58
852,Clerkclaude,Demogeot,cdemogeotnn@hatena.ne.jp,Male,102.107.199.171
853,Vaclav,Hacun,vhacunno@accuweather.com,Male,242.60.249.190
854,Ode,Brozek,obrozeknp@woothemes.com,Male,181.245.118.78
855,Lorry,Shoorbrooke,lshoorbrookenq@dagondesign.com,Agender,105.146.43.235
856,Mitchell,Capelow,mcapelownr@nbcnews.com,Male,170.205.23.102
857,Hazel,Matterface,hmatterfacens@un.org,Male,141.155.201.12
858,Arlan,Collcott,acollcottnt@hc360.com,Male,185.224.93.139
859,Tully,Dacey,tdaceynu@aboutads.info,Male,142.225.120.90
860,Randell,Glass,rglassnv@slate.com,Male,2.112.98.29
861,Nessa,Lates,nlatesnw@360.cn,Agender,230.98.238.107
862,Fair,MacMoyer,fmacmoyernx@themeforest.net,Male,69.138.116.16
863,Chet,Eplett,ceplettny@etsy.com,Male,209.208.133.67
864,Murielle,Cree,mcreenz@virginia.edu,Female,249.125.61.221
865,Shelba,Lavallie,slavallieo0@microsoft.com,Female,9.178.253.63
866,Dunstan,Summerson,dsummersono1@reverbnation.com,Male,158.219.6.77
867,Pavel,Jerrom,pjerromo2@mapquest.com,Male,179.189.165.125
868,Thurston,McGinnis,tmcginniso3@facebook.com,Male,90.5.7.27
869,Berri,Saffin,bsaffino4@google.pl,Female,254.204.187.81
870,Tressa,Pinching,tpinchingo5@trellian.com,Female,101.53.77.184
871,Pattie,Salack,psalacko6@seesaa.net,Male,13.65.55.28
872,Lorelei,Mate,lmateo7@diigo.com,Female,86.143.52.59
873,Roz,Larive,rlariveo8@nps.gov,Female,147.217.247.11
874,Brennen,Mityushkin,bmityushkino9@webmd.com,Male,86.176.247.56
875,Purcell,Cushe,pcusheoa@odnoklassniki.ru,Male,128.234.99.254
876,Hyacinthia,Brittin,hbrittinob@people.com.cn,Bigender,140.111.144.52
877,Winfield,Darter,wdarteroc@reddit.com,Male,196.46.6.243
878,Ardys,Jarmyn,ajarmynod@un.org,Female,210.183.239.240
879,Julio,Turn,jturnoe@people.com.cn,Male,147.50.65.186
880,Cahra,Baskerville,cbaskervilleof@apache.org,Agender,150.159.98.212
881,Olympia,Cardenas,ocardenasog@marketwatch.com,Female,67.46.59.149
882,Ezri,Azemar,eazemaroh@auda.org.au,Male,39.80.242.239
883,Dillon,Entreis,dentreisoi@amazon.co.jp,Male,251.77.26.35
884,Steward,Coultard,scoultardoj@google.co.jp,Male,83.136.85.116
885,Anabelle,Crippen,acrippenok@japanpost.jp,Female,105.217.209.30
886,Shayne,Balcers,sbalcersol@ibm.com,Male,200.215.59.157
887,Tonia,Beardsdale,tbeardsdaleom@google.de,Female,68.37.92.47
888,Nickie,Salisbury,nsalisburyon@businessinsider.com,Female,125.15.5.102
889,Madella,Boig,mboigoo@yahoo.com,Female,143.127.79.208
890,Benedicta,Trorey,btroreyop@nsw.gov.au,Polygender,211.113.158.16
891,Jacky,Stutte,jstutteoq@shinystat.com,Female,175.171.225.172
892,Bernita,Camilio,bcamilioor@patch.com,Female,155.161.201.13
893,Leigha,Izhak,lizhakos@go.com,Female,102.109.137.35
894,Zeb,Devenny,zdevennyot@prlog.org,Male,146.165.203.219
895,Pete,Pashenkov,ppashenkovou@epa.gov,Male,81.47.27.59
896,Andonis,Snell,asnellov@plala.or.jp,Male,104.60.213.237
897,Candace,Frewer,cfrewerow@delicious.com,Female,5.81.160.120
898,Petr,Frear,pfrearox@illinois.edu,Male,181.16.239.77
899,Kelwin,Itter,kitteroy@narod.ru,Male,159.74.165.235
900,Aggy,Spavins,aspavinsoz@hud.gov,Female,169.233.26.162
901,Alec,O'Halleghane,aohalleghanep0@networkadvertising.org,Male,159.255.220.249
902,Andrus,Pennaman,apennamanp1@uiuc.edu,Male,76.183.154.60
903,Nessy,MacCaig,nmaccaigp2@dailymotion.com,Female,211.72.105.121
904,Leroy,Davet,ldavetp3@altervista.org,Male,178.159.172.93
905,Gearard,Goodswen,ggoodswenp4@aol.com,Male,48.255.19.46
906,Robb,Raithbie,rraithbiep5@woothemes.com,Male,193.179.176.66
907,Stanislaus,Werendell,swerendellp6@merriam-webster.com,Male,75.84.195.220
908,Myron,Averill,maverillp7@uiuc.edu,Male,102.196.40.118
909,Robina,Cheasman,rcheasmanp8@ocn.ne.jp,Female,105.76.145.248
910,Nydia,Riolfi,nriolfip9@ehow.com,Female,126.4.125.168
911,Sanford,Rosie,srosiepa@sciencedirect.com,Male,183.198.120.217
912,Torry,Paton,tpatonpb@mapy.cz,Male,186.234.171.80
913,Hesther,Jefferd,hjefferdpc@acquirethisname.com,Female,10.136.114.219
914,Franky,Aylett,faylettpd@princeton.edu,Female,180.255.35.117
915,Bryant,Jakab,bjakabpe@weather.com,Male,31.21.47.161
916,Ciro,Rickaby,crickabypf@fastcompany.com,Genderfluid,89.76.138.26
917,Aurlie,Coppock.,acoppockpg@jigsy.com,Genderfluid,181.127.166.30
918,Curt,Babbidge,cbabbidgeph@mysql.com,Male,5.157.49.253
919,Towny,Sukbhans,tsukbhanspi@cbslocal.com,Male,1.191.116.244
920,Felizio,Castenda,fcastendapj@mozilla.com,Male,160.72.40.213
921,Arden,Pechacek,apechacekpk@plala.or.jp,Female,195.96.252.85
922,Elliott,Lindwall,elindwallpl@ehow.com,Male,9.59.231.166
923,Kristan,Murtell,kmurtellpm@is.gd,Female,153.1.244.148
924,Tymothy,Skewis,tskewispn@devhub.com,Male,234.97.200.184
925,Joshia,Mellhuish,jmellhuishpo@cbsnews.com,Male,194.89.197.35
926,Isahella,Churchard,ichurchardpp@techcrunch.com,Female,197.57.99.178
927,Hoyt,Ivashin,hivashinpq@163.com,Male,54.196.207.94
928,Merline,Massow,mmassowpr@berkeley.edu,Female,230.217.43.203
929,Joycelin,Blomefield,jblomefieldps@mail.ru,Bigender,201.9.109.251
930,Velvet,Bollon,vbollonpt@uol.com.br,Female,184.76.235.140
931,Dennet,Pyser,dpyserpu@sfgate.com,Male,33.227.3.244
932,Asia,Karpol,akarpolpv@prnewswire.com,Genderqueer,232.127.121.140
933,Jemie,Klaussen,jklaussenpw@yelp.com,Female,252.62.0.153
934,Hadria,Matyas,hmatyaspx@seesaa.net,Female,71.96.134.167
935,Nanete,Lean,nleanpy@youku.com,Female,204.26.223.32
936,Erroll,Pyvis,epyvispz@jugem.jp,Male,234.24.87.183
937,Thelma,Dollimore,tdollimoreq0@constantcontact.com,Female,253.75.184.133
938,Tracy,Shaudfurth,tshaudfurthq1@google.it,Male,229.215.89.39
939,Pedro,Cavendish,pcavendishq2@nyu.edu,Non-binary,72.139.191.82
940,Borden,McAughtrie,bmcaughtrieq3@japanpost.jp,Male,188.154.209.164
941,Tara,Haeslier,thaeslierq4@amazonaws.com,Female,16.73.238.127
942,Kevina,Leggs,kleggsq5@about.com,Female,178.192.170.134
943,Carlye,Sirrell,csirrellq6@craigslist.org,Female,226.177.82.98
944,Gregoor,Yedy,gyedyq7@google.cn,Non-binary,23.72.70.37
945,Gerrard,Dawney,gdawneyq8@dropbox.com,Male,154.219.166.56
946,Marybeth,Sowley,msowleyq9@google.ru,Female,97.121.15.90
947,Wrennie,Dellatorre,wdellatorreqa@blogger.com,Female,77.85.225.37
948,Norri,Leather,nleatherqb@github.com,Female,247.110.119.192
949,Filmore,Houndson,fhoundsonqc@trellian.com,Male,166.17.27.96
950,Cacilia,Ganing,cganingqd@washingtonpost.com,Female,120.164.191.130
951,Salvador,Bick,sbickqe@smh.com.au,Male,96.228.17.51
952,Charles,Chilles,cchillesqf@dagondesign.com,Male,89.122.236.61
953,Brewster,Gravie,bgravieqg@ustream.tv,Male,84.102.191.164
954,Maryanne,Broadwood,mbroadwoodqh@odnoklassniki.ru,Bigender,96.157.137.230
955,Enid,Crosse,ecrosseqi@yelp.com,Female,145.33.131.25
956,Brande,Eddowis,beddowisqj@addthis.com,Bigender,22.87.113.240
957,Fonzie,Fullalove,ffullaloveqk@dailymail.co.uk,Male,173.27.73.216
958,Teddie,Sangster,tsangsterql@deviantart.com,Male,81.16.135.129
959,Margery,Gyngyll,mgyngyllqm@timesonline.co.uk,Female,232.222.11.221
960,Kellen,Braisby,kbraisbyqn@nytimes.com,Male,92.235.214.112
961,Lucine,Aartsen,laartsenqo@webeden.co.uk,Female,80.47.46.229
962,Marlena,Taffee,mtaffeeqp@topsy.com,Female,97.47.121.177
963,Marylynne,De la croix,mdelacroixqq@clickbank.net,Female,249.121.36.75
964,Mitchell,Cronchey,mcroncheyqr@uol.com.br,Male,112.4.43.93
965,Laryssa,Lemmens,llemmensqs@imageshack.us,Female,221.98.124.43
966,Averyl,Bottoms,abottomsqt@sun.com,Female,129.83.37.180
967,Audi,Gawler,agawlerqu@gnu.org,Female,142.79.85.116
968,Brooks,Barkhouse,bbarkhouseqv@accuweather.com,Male,208.223.140.141
969,Wenonah,Law,wlawqw@tripadvisor.com,Female,27.94.51.152
970,Ginni,Brommage,gbrommageqx@tamu.edu,Female,141.210.143.177
971,Jasmin,Cundey,jcundeyqy@virginia.edu,Female,152.26.233.171
972,Melessa,Cuckoo,mcuckooqz@zimbio.com,Female,214.93.27.22
973,Tobin,Aitkenhead,taitkenheadr0@bravesites.com,Male,92.190.202.45
974,Sancho,Dominguez,sdominguezr1@dmoz.org,Male,218.178.16.197
975,Ely,Rafter,erafterr2@arizona.edu,Male,17.120.237.100
976,Virge,Godsafe,vgodsafer3@histats.com,Male,201.10.199.172
977,Morten,Franceschino,mfranceschinor4@kickstarter.com,Male,73.140.39.82
978,Genevra,Meeland,gmeelandr5@usnews.com,Female,60.50.242.149
979,Hestia,Longmead,hlongmeadr6@java.com,Female,192.223.122.240
980,Dew,Kuhnert,dkuhnertr7@berkeley.edu,Male,35.64.41.237
981,Mal,Rockcliffe,mrockcliffer8@seesaa.net,Male,174.11.14.184
982,Inigo,Hanks,ihanksr9@pbs.org,Male,141.138.72.69
983,Dominga,Lyon,dlyonra@bbb.org,Female,83.68.238.235
984,Ryon,Ludewig,rludewigrb@webmd.com,Male,227.153.236.80
985,Letti,Lott,llottrc@cpanel.net,Genderqueer,96.91.106.194
986,Douglass,Huckerby,dhuckerbyrd@merriam-webster.com,Male,23.109.153.230
987,Keir,Eggleston,kegglestonre@state.tx.us,Male,132.209.207.230
988,Nickolas,Maskelyne,nmaskelynerf@purevolume.com,Male,48.112.173.228
989,Saree,Bartleet,sbartleetrg@i2i.jp,Non-binary,34.208.211.242
990,Nevins,Faunt,nfauntrh@cmu.edu,Male,152.233.129.25
991,Sholom,Bonhome,sbonhomeri@dropbox.com,Male,214.243.137.155
992,Lindsay,Brandreth,lbrandrethrj@soup.io,Male,158.134.175.180
993,Anjanette,Semiraz,asemirazrk@patch.com,Female,172.11.33.148
994,Binky,Trendle,btrendlerl@nytimes.com,Male,40.171.161.174
995,Huntington,Wathen,hwathenrm@phoca.cz,Male,109.34.94.254
996,Ignatius,Skeemor,iskeemorrn@mapy.cz,Male,242.167.44.4
997,Korney,Szymanowski,kszymanowskiro@archive.org,Female,237.33.150.99
998,Aloysia,Mulberry,amulberryrp@soundcloud.com,Female,191.57.154.58
999,Adina,Chree,achreerq@cnet.com,Polygender,126.70.237.45
1000,Chic,Grafham,cgrafhamrr@biblegateway.com,Male,23.18.131.251
