id,first_name,last_name,email,gender,ip_address
1,Conroy,Foy,cfoy0@java.com,Male,139.48.55.98
2,Burty,Sampey,bsampey1@amazonaws.com,Male,124.89.209.73
3,Andree,Ablett,aablett2@un.org,Female,31.112.84.241
4,Hanna,O'Mohun,homohun3@businessweek.com,Female,170.129.194.72
5,Thayne,Oglevie,toglevie4@kickstarter.com,Male,162.77.11.223
6,Ulrich,Connors,uconnors5@npr.org,Male,129.242.67.143
7,Elnore,Ricciardelli,ericciardelli6@census.gov,Female,184.142.159.88
8,Dolly,Camies,dcamies7@nhs.uk,Female,28.130.230.71
9,Gibb,Knappen,gknappen8@ustream.tv,Male,154.53.151.67
10,Florrie,Glozman,fglozman9@netscape.com,Female,110.33.79.52
11,Fidole,Spickett,fspicketta@mail.ru,Male,103.149.167.133
12,Cele,Komorowski,ckomorowskib@rakuten.co.jp,Female,51.159.65.223
13,Charlotte,Gorbell,cgorbellc@surveymonkey.com,Female,213.183.143.13
14,Dag,Greeves,dgreevesd@devhub.com,Male,205.177.185.202
15,Giselle,Bradie,gbradiee@auda.org.au,Polygender,143.127.235.252
16,Aileen,Farnworth,afarnworthf@4shared.com,Genderfluid,202.94.94.181
17,Berti,Bruniges,bbrunigesg@multiply.com,Male,20.216.207.124
18,Tobye,Probate,tprobateh@opensource.org,Female,176.215.1.129
19,Dana,Cousens,dcousensi@myspace.com,Male,235.208.113.141
20,Jameson,Woodus,jwoodusj@illinois.edu,Male,11.44.243.182
21,Beverly,Delgua,bdelguak@wikipedia.org,Female,104.212.8.77
22,Wilek,Pigford,wpigfordl@nsw.gov.au,Male,100.10.216.224
23,Raymund,Alsobrook,ralsobrookm@howstuffworks.com,Bigender,12.43.72.208
24,Harris,Firmage,hfirmagen@unc.edu,Male,40.147.175.144
25,Myrtice,Robbs,mrobbso@kickstarter.com,Female,153.170.45.78
26,Adelaide,Reen,areenp@wikispaces.com,Female,38.135.168.236
27,Burk,Chieco,bchiecoq@twitter.com,Male,221.210.92.115
28,Donny,Christoffersen,dchristoffersenr@wix.com,Female,221.139.21.20
29,Janelle,Ciccottini,jciccottinis@uol.com.br,Agender,32.16.120.185
30,Ignatius,Escalero,iescalerot@cafepress.com,Male,129.158.136.169
31,Leslie,Boodell,lboodellu@economist.com,Female,137.91.95.203
32,Yvonne,Bowry,ybowryv@pbs.org,Female,170.174.60.178
33,Jelene,Royan,jroyanw@de.vu,Bigender,92.201.134.112
34,Hirsch,Fylan,hfylanx@npr.org,Male,122.208.180.184
35,Quent,Borland,qborlandy@dmoz.org,Male,29.124.158.65
36,Ursala,Dyers,udyersz@networkadvertising.org,Female,219.146.254.13
37,Micheal,Fowlds,mfowlds10@hibu.com,Male,171.150.57.134
38,Shae,Causey,scausey11@alibaba.com,Female,230.47.36.224
39,Lyndsey,Mackneis,lmackneis12@cnet.com,Female,143.216.85.4
40,Terri-jo,Kilfeder,tkilfeder13@histats.com,Genderqueer,119.139.7.188
41,Marna,Slowcock,mslowcock14@google.ru,Female,161.236.82.106
42,Ronnie,Sustin,rsustin15@mediafire.com,Male,44.171.18.93
43,Laurie,Sambles,lsambles16@purevolume.com,Female,63.220.211.243
44,Bruis,Dael,bdael17@china.com.cn,Male,251.246.36.210
45,Harlie,Kingshott,hkingshott18@e-recht24.de,Female,22.50.3.53
46,Julius,Steers,jsteers19@dion.ne.jp,Male,115.124.97.62
47,Darnall,Epine,depine1a@microsoft.com,Male,39.217.59.101
48,Trumann,Tillot,ttillot1b@blogger.com,Male,228.178.31.61
49,Phillip,Randerson,pranderson1c@google.ca,Male,208.115.195.69
50,Elissa,Arr,earr1d@patch.com,Non-binary,255.119.48.132
